product_id,product_name,category,price,quantity,supplier,product_status
1001,Laptop Pro 14,Electronic,74988.0,15,TechWorld1,ACTIVE
1002,Wireless Mouse,Electronics,1299.0,80,TechWorld,ACTIVE
1003,Mechanical Keyboard,Electronics,3499.0,45,KeyMart,ACTIVE
1004,USB-C Hub,Accessories,1899.0,60,ConnectPlus,ACTIVE
1005,27 Inch Monitor,Electronics,21999.0,25,VisionTech,ACTIVE
1006,Laptop Stand,Accessories,2499.0,35,OfficeGear,ACTIVE
1007,Bluetooth Speaker,Audio,2999.0,50,SoundMax,ACTIVE
1008,Noisesksk Cancelling Headphones,Audio,8999.0,20,SoundMax,ACTIVE
1009,Web Camera,Electronics,4599.0,30,VisionTech,ACTIVE
1010,External SSD 1TB,Storage,6999.0,40,DataStore,ACTIVE
1011,Portable Hard Drive 2TB,Storage,5899.0,28,DataStore,ACTIVE
1012,Power Bank 20000mAh,Accessories,2199.0,55,PowerPlus,ACTIVE
1013,Smart Watch,Wearables,4999.0,32,WearTech,ACTIVE
1014,Fitness Band,Wearables,2499.0,42,WearTech,ACTIVE
1015,Tablet 10 Inch,Electronics,15999.0,18,TechWorld,ACTIVE
1016,Wireless Chargaaaaer,Accessories,1599.0,70,PowerPlus,ACTIVE
1017,Office Chair,Furniture,8999.0,12,OfficeGear,ACTIVE
1018,Standing Desk,Furniture,18999.0,8,OfficeGear,ACTIVE
1019,Laser Printer,Printers,12999.0,14,PrintTech,ACTIVE
1020,Inkjet Printer,Printers,7999.0,22,PrintTech,INACTIVE
1023,Inkjet Printer,Printers,7999.0,22,PrintTech,INACTIVE
1022,Inkjet Printer,Printers,7999.0,22,PrintTech,INACTIVE

